{
  "id": "1663608",
  "name": " ",
  "font_family": "iconfont",
  "css_prefix_text": "icon",
  "description": "",
  "glyphs": [
    {
      "icon_id": "1110411",
      "name": "下箭头",
      "font_class": "jiantou9",
      "unicode": "e60b",
      "unicode_decimal": 58891
    },
    {
      "icon_id": "554106",
      "name": "搜索",
      "font_class": "iconset0157",
      "unicode": "e638",
      "unicode_decimal": 58936
    },
    {
      "icon_id": "3456452",
      "name": "购物车",
      "font_class": "gouwuche",
      "unicode": "e70b",
      "unicode_decimal": 59147
    },
    {
      "icon_id": "867786",
      "name": "对勾",
      "font_class": "duigou",
      "unicode": "e712",
      "unicode_decimal": 59154
    },
    {
      "icon_id": "8652816",
      "name": "礼物",
      "font_class": "liwu",
      "unicode": "e646",
      "unicode_decimal": 58950
    },
    {
      "icon_id": "1306",
      "name": "购物车空",
      "font_class": "gouwuchekong",
      "unicode": "e600",
      "unicode_decimal": 58880
    },
    {
      "icon_id": "90513",
      "name": "15天无理由退货",
      "font_class": "15tianwuliyoutuihuo",
      "unicode": "e606",
      "unicode_decimal": 58886
    },
    {
      "icon_id": "781982",
      "name": "7天保障",
      "font_class": "7day",
      "unicode": "e6bc",
      "unicode_decimal": 59068
    },
    {
      "icon_id": "982436",
      "name": "回顶部",
      "font_class": "huidingbu",
      "unicode": "e66c",
      "unicode_decimal": 58988
    },
    {
      "icon_id": "1301354",
      "name": "扳手",
      "font_class": "banshou",
      "unicode": "e659",
      "unicode_decimal": 58969
    },
    {
      "icon_id": "5649801",
      "name": "手机",
      "font_class": "shouji",
      "unicode": "e601",
      "unicode_decimal": 58881
    },
    {
      "icon_id": "5924468",
      "name": "搜索",
      "font_class": "sousuo",
      "unicode": "e61c",
      "unicode_decimal": 58908
    },
    {
      "icon_id": "5924470",
      "name": "地点",
      "font_class": "didian",
      "unicode": "e61d",
      "unicode_decimal": 58909
    },
    {
      "icon_id": "8655875",
      "name": "客服",
      "font_class": "kefu",
      "unicode": "e64e",
      "unicode_decimal": 58958
    },
    {
      "icon_id": "10014369",
      "name": "信息",
      "font_class": "xinxi",
      "unicode": "e615",
      "unicode_decimal": 58901
    },
    {
      "icon_id": "10199157",
      "name": "个人中心",
      "font_class": "gerenzhongxin",
      "unicode": "e611",
      "unicode_decimal": 58897
    },
    {
      "icon_id": "10351489",
      "name": "收藏 关注",
      "font_class": "lunkuodasan-",
      "unicode": "e616",
      "unicode_decimal": 58902
    },
    {
      "icon_id": "11641871",
      "name": "箭头",
      "font_class": "jiantou",
      "unicode": "e61e",
      "unicode_decimal": 58910
    }
  ]
}
